Designator,Quantity,Value,Manufacturer,Part Number,Note,Specification,Footprint

"C1, C4, C5, C12, C14, C16, C20, C35, C37","9","1.0µF","Cal-Chip Electronics, Inc.","GMC04X7R105K6R3NT","CAP CER 1UF 6.3V X7R 0402","1 µF ±10% 6.3V Ceramic Capacitor X7R 0402 (1005 Metric)","CAPC1005X04L"
"C11, C13, C15, C18, C28, C34, C36","7","100nF","Cal-Chip Electronics, Inc.","GMC02X7R104K16NT","CAP0201 X7R .1UF 10% 16V","0.1 µF ±10% 16V Ceramic Capacitor X7R 0201 (0603 Metric)","CAPC0603X03L_C"
"C17, C21","2","10µF","Cal-Chip Electronics, Inc.","GMC10X7R106M6R3NT","CAP CER 10UF 6.3V X7R 0603","10 µF ±20% 6.3V Ceramic Capacitor X7R 0603 (1608 Metric)","CAPC1608X06L"
"C23","1","2.2µF","Taiyo Yuden","EMK107BB7225KA-T","CAP CER 2.2UF 16V X7R 0603","2.2 µF ±10% 16V Ceramic Capacitor X7R 0603 (1608 Metric)","CAPC1608X06L"
"D1, D2, D5, D6","4","LY L29K-H1K2-26-0-2-R18-Z","ams-OSRAM USA INC.","LY L29K-H1K2-26-0-2-R18-Z","LED YELLOW DIFFUSED 0603 SMD","Yellow 587nm LED Indication - Discrete 1.8V 0603 (1608 Metric)","LED_0603"
"D3","1","LG L29K-F2J1-24-0-2-R18-Z","ams-OSRAM USA INC.","LG L29K-F2J1-24-0-2-R18-Z","LED GREEN DIFFUSED 0603 SMD","Yellow 587nm LED Indication - Discrete 1.8V 0603 (1608 Metric)","LED_0603"
"D4","1","LS L29K-G1J2-1-0-2-R18-Z","ams-OSRAM USA INC.","LS L29K-G1J2-1-0-2-R18-Z","LED RED DIFFUSED 0603 SMD","Red 630nm LED Indication - Discrete 1.8V 0603 (1608 Metric)","LED_0603"
"FB1","1","120R/0.2A","Murata","BLM03AG121SN1D","FERRITE BEAD 120 OHM 0201 1LN","120 Ohms @ 100 MHz 1 Ferrite Bead 0201 (0603 Metric) 200mA 500mOhm","INDC0603X03L_C"
"J1","1","BM28B0.6-30DS/2-0.35V(51)","Hirose Electric Co Ltd","BM28B0.6-30DS/2-0.35V(51)","CONN RCPT 30POS SMD GOLD","30 Position Connector Receptacle, Center Strip Contacts Surface Mount Gold","CONN30_HIR"
"J2","1","BM28B0.6-6DP/2-0.35V(51)","Hirose Electric Co Ltd","BM28B0.6-6DP/2-0.35V(51)","CONN HDR SMD GOLD","6 Position Connector Header, Outer Shroud Contacts Surface Mount Gold","HRS_BM28B0.6-6DP/2-0.35V(51)"
"J3","1","BM28B0.6-6DS/2-0.35V(51)","Hirose Electric Co Ltd","BM28B0.6-6DS/2-0.35V(51)","CONN RCPT SMD GOLD","6 Position Connector Receptacle, Center Strip Contacts Surface Mount Gold","HRS_BM28B0.6-6DS/2-0.35V(51)"
"J4","1","12402012E212A","Amphenol ICC (Commercial Products)","12402012E212A","CONN RCP USB2.0 TYP C 24P SMD RA","USB-C (USB TYPE-C) USB 2.0 Receptacle Connector 24 (16+8 Dummy) Position Surface Mount, Right Angle; Through Hole","AMPHENOL_12402012E212A"
"J5","1","TSM-106-01-L-SH-P-TR","Samtec Inc.","TSM-106-01-L-SH-P-TR","CONN HEADER SMD R/A 6POS 2.54MM","Connector Header Surface Mount, Right Angle 6 position 0.100"" (2.54mm)","SAMTEC_TSM-106-01-L-SH-P-TR"
"L5","1","2.2uH","TDK Corporation","MLZ1608A2R2WT000","FIXED IND 2.2UH 500MA 250MOHM SM","2.2 µH Shielded Multilayer Inductor 500 mA 250mOhm 0603 (1608 Metric)","IND_1608_TDK"
"MOD1","1","453-00001R","Ezurio","453-00001R","RF TXRX MOD BLUETOOTH PCB SMD","802.15.4, Bluetooth Bluetooth v6.0, Matter, Thread, Zigbee® Transceiver Module 2.4GHz PCB Trace Surface Mount","Laird, BL54L15 Module, Platform Side"
"P1, P5, P6, P7, P8, P9, P10, P11, P12","9","","","","","","HDR1X2"
"P3","1","20021521-00010T1LF","Amphenol ICC (FCI)","20021521-00010T1LF","CONN HEADER SMD 10POS 1.27MM","Connector Header Surface Mount 10 position 0.050"" (1.27mm)","JTAG_SMT_2X5"
"R1, R10, R12, R14, R15, R19","6","1M","Cal-Chip Electronics, Inc.","RM06F1004CT","RES SMD 1M OHM 1% 1/10W 0603","1 MOhms ±1% 0.1W, 1/10W Chip Resistor 0603 (1608 Metric) Thick Film","RES0603"
"R2, R3","2","5.1k","Cal-Chip Electronics, Inc.","RM06F5101CT","RES SMD 5.1K OHM 1% 1/10W 0603","5.1 kOhms ±1% 0.1W, 1/10W Chip Resistor 0603 (1608 Metric) Thick Film","RES0603"
"R4","1","499","Cal-Chip Electronics, Inc.","RM06F4990CT","RES SMD 499 OHM 1% 1/10W 0603","499 Ohms ±1% 0.1W, 1/10W Chip Resistor 0603 (1608 Metric) Thick Film","RES0603"
"R5","1","4.99k","Cal-Chip Electronics, Inc.","RM06F4991CT","RES SMD 4.99K OHM 1% 1/10W 0603","4.99 kOhms ±1% 0.1W, 1/10W Chip Resistor 0603 (1608 Metric) Thick Film","RES0603"
"R6","1","4.02k","Cal-Chip Electronics, Inc.","RM06F4021CT","RES SMD 4.02K OHM 1% 1/10W 0603","4.02 kOhms ±1% 0.1W, 1/10W Chip Resistor 0603 (1608 Metric) Thick Film","RES0603"
"R7","1","1.6k","Cal-Chip Electronics, Inc.","RM06F1601CT","RES SMD 1.6K OHM 1% 1/10W 0603","1.6 kOhms ±1% 0.1W, 1/10W Chip Resistor 0603 (1608 Metric) Thick Film","RES0603"
"R8","1","1k","Cal-Chip Electronics, Inc.","RM06F1001CT","RES SMD 1K OHM 1% 1/10W 0603","1 kOhms ±1% 0.1W, 1/10W Chip Resistor 0603 (1608 Metric) Thick Film","RES0603"
"R9","1","500","YAGEO","RT0603BRC07500RL","RES 500 OHM 0.1% 1/10W 0603","500 Ohms ±0.1% 0.1W, 1/10W Chip Resistor 0603 (1608 Metric) Thin Film","RES0603"
"R11, R13, R16","3","0","Cal-Chip Electronics, Inc.","Cal-Chip Electronics, Inc.","RES SMD 0 OHM JUMPER 1/10W 0603","0 Ohms Jumper Chip Resistor 0603 (1608 Metric) Thick Film","RES0603"
"R17, R18","2","100","Cal-Chip Electronics, Inc.","RM06F1000CT","RES SMD 100 OHM 1% 1/10W 0603","100 Ohms ±1% 0.1W, 1/10W Chip Resistor 0603 (1608 Metric) Thick Film","RES0603"
"R20, R21, R22, R23, R25, R26, R27","7","10k","Samsung Electro-Mechanics","RCS1608F103CS","RES 10K OHM 1% 1/10W 0603","10 kOhms ±1% 0.1W, 1/10W Chip Resistor 0603 (1608 Metric) Anti-Sulfur, Moisture Resistant Thick Film","RES0603"
"SW1, SW2","2","CUS-12TB","Nidec Components Corporation","CUS-12TB","SWITCH SLIDE SPDT 300MA 4V","Slide Switch SPDT Surface Mount, Right Angle","CUS-12B"
"SW3, SW4","2","EVP-AA402W","Panasonic Electronic Components","EVP-AA402W","SWITCH TACTILE SPST-NO 0.02A 15V","Tactile Switch SPST-NO Top Actuated Surface Mount","EVPXA"
"TP1, TP2, TP7, TP8, TP14, TP15, TP17, TP18, TP19, TP20, TP21, TP22, TP23, TP24, TP25, TP26, TP27, TP28, TP30, TP31, TP32, TP33, TP34, TP35, TP36, TP37","26","TP_SMT","","","","","TP_SMT_1.5MM"
"TP3, TP4, TP5, TP6, TP9","5","TP_SMT","","","","","TP_TH"
"U1","1","DRV2604YZFR","Texas Instruments","DRV2604YZFR","IC MOTOR DRIVER 2.5V-5.5V 9DSBGA","Motor Driver Power MOSFET I2C 9-DSBGA","YZF9"
"U2","1","TPS22916BYFPR","Texas Instruments","TPS22916BYFPR","IC PWR SWITCH P-CHAN 1:1 4DSBGA","Power Switch/Driver 1:1 P-Channel 2A 4-DSBGA","YFP0004ABAB"
"U3","1","ICM-42605","TDK Invensense","ICM-42605","IMU ACCEL/GYRO/TEMP I2C/SPI LGA","Accelerometer, Gyroscope, 6 Axis Sensor I2C, I3C, SPI Output","XDCR_ICM-42605"
"U5","1","MX25R6435FZAIL0","Macronix","MX25R6435FZAIL0","IC FLASH 64MBIT SPI/QUAD 8USON","FLASH - NOR Memory IC 64Mbit SPI - Quad I/O 80 MHz 8-USON (4x4)","SON80P400X400X60-9N_NOPAD"
"U6","1","BQ25125YFPR","Texas Instruments","BQ25125YFPR","IC BAT CHG MULT-CHEM 1CL 25DSBGA","Charger IC Multi-Chemistry 25-DSBGA","YFP0025-IPC_A"
"X1","1","32.768kHz","TXC Corporation","9HT11-32.768KDZC-T","XTAL SMD 32.768kHz","32.768 kHz ±20ppm Crystal 9pF 90 kOhms 2-SMD, No Lead","XTAL_2012"
